clinvar_clnsig	n	sample
Benign	56	ERR753368_chr5
Uncertain_significance	3	ERR753368_chr5
other	5	ERR753368_chr5
Benign	56	ERR753369_chr5
other	10	ERR753369_chr5
Benign	66	ERR753370_chr5
other	20	ERR753370_chr5
Benign	51	ERR753372_chr5
Uncertain_significance	3	ERR753372_chr5
other	10	ERR753372_chr5
Benign	76	ERR753373_chr5
other	20	ERR753373_chr5
Benign	56	ERR753374_chr5
other	5	ERR753374_chr5
Benign	59	ERR753375_chr5
other	10	ERR753375_chr5
Benign	65	ERR753376_chr5
other	20	ERR753376_chr5
Benign	65	ERR753377_chr5
other	20	ERR753377_chr5
Benign	63	ERR753378_chr5
other	10	ERR753378_chr5
